Vincent Taylor,9T7H,Aqua Dinning Table,140
Anne Jones,1LHQ,Lime Radio,53
Hunter Cain,O7LJ,Teal Oven,63
Darin Gonzalez,I5YP,Black Oven,70
Mrs. Laura Murray,2CVC,Green Radio,42
Lisa Charles,H7RD,Maroon Dinning Table,7
Kimberly Armstrong,607R,Silver TV Stand,124
Melissa Lee,351Y,Yellow Stove,34
Jennifer Nelson,427X,Aqua Radio,174
Kathryn George,Y68A,Yellow Refrigerator,20
Melissa Evans,LR04,Lime Bookcase,25
Melissa Evans,7AJI,Maroon Stove,104
Melissa Evans,FF5K,Blue Stove,59
Steven Walls,LR04,Lime Bookcase,25
Steven Walls,7AJI,Maroon Stove,104
Steven Walls,FF5K,Blue Stove,59
Sherry Moran,LR04,Lime Bookcase,25
Sherry Moran,7AJI,Maroon Stove,104
Sherry Moran,FF5K,Blue Stove,59
